sampleID	sequence	MIC
ref	ATAATCGGTGGGTTATGGCT	0.03
GN002	ATAATCGGTGGGTTATGGCT	0.8
GN003	ATAATCGGTGGGTTATGGCT	1.1
GN004	ATAATCGGTGGGTTATGGCT	1.3
GN005	ATAATCGGTGGGTTATGGCT	1.0
GN006	ATAATCGGTG--TTATGGCT	0.5
GN007	ATAATCGGTG--TTATGGCT	0.3
GN008	ATAATCGGTGGGTTATGGCT	0.17
GN009	ATAATCGGTGGGTTATGGCT	0.09
GN010	ATAATCGGTGGGTTATGGCT	0.09
GN011	ATAATCGGTGGGTTATCGCT	12.2
GN012	ATAATCGGTGGGTTATGGCT	0.2
GN013	ATGATCGGTGGGTTATGGCT	10.7
GN014	ATAATCGGTGGGTTATGGCT	0.7
GN015	ATAATCGGTGGGTTATGGCT	0.7
GN016	ATAATCGGTGGGTTATGGCT	0.17
GN017	ATAATCGGTGGGTTACCGCT	78.4
GN018	ATAATCGGTGGGTTACCGCT	101.1
GN019	ATAATCGGTGGGTTACCGCT	101.1
GN020	ATAATCGGTGGGATACCGCT	101.1